access <-> to <-> tech,"Access, Digital Divide, & Digital Literacy"
accessible <-> tech,"Access, Digital Divide, & Digital Literacy"
accessible <-> technology,"Access, Digital Divide, & Digital Literacy"
Data <-> literacy,"Access, Digital Divide, & Digital Literacy"
data <-> literacy,"Access, Digital Divide, & Digital Literacy"
digital <-> divide,"Access, Digital Divide, & Digital Literacy"
digital <-> equity,"Access, Digital Divide, & Digital Literacy"
Digital <-> Justice,"Access, Digital Divide, & Digital Literacy"
digital <-> literacy,"Access, Digital Divide, & Digital Literacy"
digital <-> redlining,"Access, Digital Divide, & Digital Literacy"
tech <-> access,"Access, Digital Divide, & Digital Literacy"
technology <-> access,"Access, Digital Divide, & Digital Literacy"
technology <-> accessibility,"Access, Digital Divide, & Digital Literacy"
universal <-> access,"Access, Digital Divide, & Digital Literacy"
universal <-> design,"Access, Digital Divide, & Digital Literacy"
civic <-> crowdsourcing,Civic Tech
civic <-> innovation,Civic Tech
civic <-> tech,Civic Tech
Civic <-> Tech <-> for <-> Good,Civic Tech
civic <-> technology,Civic Tech
tech <-> for <-> social <-> good,Civic Tech
Technology <-> for <-> Social <-> Good,Civic Tech
technology <-> for <-> social <-> good,Civic Tech
community <-> tech,Community Technology
digital <-> crisis <-> response,Crisis & Disaster Response
digital <-> emergency <-> response,Crisis & Disaster Response
digital <-> humanitarian,Crisis & Disaster Response
digital <-> response,Crisis & Disaster Response
algorithmic <-> accountability,Data & Algorithmic Bias
data <-> for <-> good,Data & Algorithmic Bias
data <-> justice,Data & Algorithmic Bias
Data <-> Science,Data & Algorithmic Bias
data <-> science <-> for <-> good,Data & Algorithmic Bias
data <-> science <-> for <-> good,Data & Algorithmic Bias
Data <-> Vis,Data & Algorithmic Bias
Data <-> Visualization,Data & Algorithmic Bias
Data <-> Viz,Data & Algorithmic Bias
Data-driven <-> justice,Data & Algorithmic Bias
public <-> data,Data & Algorithmic Bias
Algorithmic <-> Transparency,Data & Algorithmic Bias
responsible <-> data,Data & Algorithmic Bias
accessible <-> design,"Design (accessible, inclusive, participatory)"
Centering <-> the <-> needs <-> of <-> communities <-> who <-> aren't <-> traditionally <-> creators <-> of <-> technology,"Design (accessible, inclusive, participatory)"
citizen <-> design,"Design (accessible, inclusive, participatory)"
citizen <-> experience <-> design,"Design (accessible, inclusive, participatory)"
civic <-> design,"Design (accessible, inclusive, participatory)"
civic <-> HCI,"Design (accessible, inclusive, participatory)"
civic <-> map,"Design (accessible, inclusive, participatory)"
civic <-> UX,"Design (accessible, inclusive, participatory)"
codesign,"Design (accessible, inclusive, participatory)"
collaborative <-> design,"Design (accessible, inclusive, participatory)"
community <-> centered <-> design,"Design (accessible, inclusive, participatory)"
community <-> design,"Design (accessible, inclusive, participatory)"
Community <-> Driven <-> Design,"Design (accessible, inclusive, participatory)"
community <-> led <-> design,"Design (accessible, inclusive, participatory)"
community <-> map,"Design (accessible, inclusive, participatory)"
community-centered <-> design,"Design (accessible, inclusive, participatory)"
community-led <-> design,"Design (accessible, inclusive, participatory)"
Critical <-> Design,"Design (accessible, inclusive, participatory)"
design <-> for <-> good,"Design (accessible, inclusive, participatory)"
design <-> justice,"Design (accessible, inclusive, participatory)"
design <-> thinking,"Design (accessible, inclusive, participatory)"
HCD,"Design (accessible, inclusive, participatory)"
HCI <-> for <-> good,"Design (accessible, inclusive, participatory)"
human <-> centered <-> design,"Design (accessible, inclusive, participatory)"
Human <-> Computer <-> Interaction <-> for <-> good,"Design (accessible, inclusive, participatory)"
inclusive <-> design,"Design (accessible, inclusive, participatory)"
participatory <-> design,"Design (accessible, inclusive, participatory)"
public <-> design,"Design (accessible, inclusive, participatory)"
public <-> HCI,"Design (accessible, inclusive, participatory)"
public <-> interest <-> design,"Design (accessible, inclusive, participatory)"
public <-> map,"Design (accessible, inclusive, participatory)"
public <-> UX,"Design (accessible, inclusive, participatory)"
social <-> impact <-> design,"Design (accessible, inclusive, participatory)"
social <-> justice <-> design,"Design (accessible, inclusive, participatory)"
Technology <-> that <-> meets <-> human <-> and <-> global <-> needs,"Design (accessible, inclusive, participatory)"
User <-> centered <-> design,"Design (accessible, inclusive, participatory)"
UX <-> for <-> good,"Design (accessible, inclusive, participatory)"
UX <-> for <-> social <-> good,"Design (accessible, inclusive, participatory)"
Anti-surveillance,Digital Privacy & Security
consentful <-> tech,Digital Privacy & Security
consentful <-> tech,Digital Privacy & Security
countersurveillance,Digital Privacy & Security
digital <-> security,Digital Privacy & Security
Digital <-> Security,Digital Privacy & Security
encryption,Digital Privacy & Security
HIPAA,Digital Privacy & Security
holistic <-> security,Digital Privacy & Security
privacy,Digital Privacy & Security
privacy <-> tech,Digital Privacy & Security
surveillance,Digital Privacy & Security
Abolition,"Diversity, Inclusion, & Equity"
Black <-> girls <-> code,"Diversity, Inclusion, & Equity"
Black <-> tech,"Diversity, Inclusion, & Equity"
Culture <-> setting,"Diversity, Inclusion, & Equity"
data <-> discrimination,"Diversity, Inclusion, & Equity"
diversity <-> in <-> creators <-> of <-> tech,"Diversity, Inclusion, & Equity"
diversity <-> in <-> tech,"Diversity, Inclusion, & Equity"
fair <-> housing,"Diversity, Inclusion, & Equity"
fair <-> lending,"Diversity, Inclusion, & Equity"
Feminist <-> Technology,"Diversity, Inclusion, & Equity"
Gender <-> and <-> Queer,"Diversity, Inclusion, & Equity"
girls <-> code,"Diversity, Inclusion, & Equity"
Harassment/Discrimination <-> in <-> the <-> tech/social <-> justice <-> sector,"Diversity, Inclusion, & Equity"
Inclusivity <-> and <-> safespace,"Diversity, Inclusion, & Equity"
Latina <-> tech,"Diversity, Inclusion, & Equity"
Latino <-> tech,"Diversity, Inclusion, & Equity"
Latinx <-> tech,"Diversity, Inclusion, & Equity"
Lesbians <-> who <-> tech,"Diversity, Inclusion, & Equity"
Racial <-> justice,"Diversity, Inclusion, & Equity"
social <-> justice,"Diversity, Inclusion, & Equity"
tech <-> diversity,"Diversity, Inclusion, & Equity"
Tech <-> in <-> plain <-> language,"Diversity, Inclusion, & Equity"
technology <-> diversity,"Diversity, Inclusion, & Equity"
trans <-> tech,"Diversity, Inclusion, & Equity"
trans* <-> tech,"Diversity, Inclusion, & Equity"
women <-> in <-> tech,"Diversity, Inclusion, & Equity"
connected <-> cities,Gov Tech
connected <-> city,Gov Tech
e-government,Gov Tech
Government <-> Insourcing,Gov Tech
Government <-> Technology,Gov Tech
smart <-> cities,Gov Tech
smart <-> city,Gov Tech
appropriate <-> tech,ICT4D
ICT4D,ICT4D
information <-> and <-> communication <-> technology <-> for <-> development,ICT4D
data <-> driven <-> storytelling,Media & Journalism
data <-> journalism,Media & Journalism
data-driven <-> story,Media & Journalism
data-driven <-> storytelling,Media & Journalism
Digital <-> Media <-> and <-> Public <-> Responsibility,Media & Journalism
independent <-> media,Media & Journalism
Digital <-> Autonomy,"Movement, Organizing, & Activist Tech"
Digital <-> Organizing,"Movement, Organizing, & Activist Tech"
Digitech <-> organising,"Movement, Organizing, & Activist Tech"
grassroots <-> map,"Movement, Organizing, & Activist Tech"
hacktivism,"Movement, Organizing, & Activist Tech"
hacktivist,"Movement, Organizing, & Activist Tech"
liberation <-> tech,"Movement, Organizing, & Activist Tech"
media <-> justice,"Movement, Organizing, & Activist Tech"
movement <-> tech,"Movement, Organizing, & Activist Tech"
movement <-> technology,"Movement, Organizing, & Activist Tech"
research <-> justice,"Movement, Organizing, & Activist Tech"
revolution <-> tech,"Movement, Organizing, & Activist Tech"
revolutionary <-> tech,"Movement, Organizing, & Activist Tech"
tech <-> activism,"Movement, Organizing, & Activist Tech"
tech <-> and <-> revolution <-> intersection,"Movement, Organizing, & Activist Tech"
tech <-> for <-> revolution,"Movement, Organizing, & Activist Tech"
technology <-> activism,"Movement, Organizing, & Activist Tech"
technology <-> and <-> revolution <-> intersection,"Movement, Organizing, & Activist Tech"
technology <-> for <-> revolution,"Movement, Organizing, & Activist Tech"
Using <-> Technology <-> for <-> Social <-> Justice,"Movement, Organizing, & Activist Tech"
non-profit <-> tech,Nonprofit Tech
nonprofit <-> tech,Nonprofit Tech
government <-> transparency,Open Data & Transparency
open <-> data,Open Data & Transparency
open <-> gov,Open Data & Transparency
open <-> government,Open Data & Transparency
Open <-> Research,Open Data & Transparency
Ownership,Open Data & Transparency
Public <-> data,Open Data & Transparency
sousveillance,Open Data & Transparency
transparency,Open Data & Transparency
Work <-> Open,Open Data & Transparency
Work <-> Open <-> Lead <-> Open,Open Data & Transparency
creative <-> commons,Open Source & Creative Commons
F/LOSS,Open Source & Creative Commons
F/LOSS,Open Source & Creative Commons
FOSS,Open Source & Creative Commons
FOSS,Open Source & Creative Commons
free <-> and <-> open <-> source <-> software,Open Source & Creative Commons
Free <-> Hardware,Open Source & Creative Commons
Free <-> Software,Open Source & Creative Commons
free <-> software,Open Source & Creative Commons
free <-> software,Open Source & Creative Commons
free/libre <-> and <-> open <-> source <-> software,Open Source & Creative Commons
free/libre <-> open <-> source <-> software,Open Source & Creative Commons
Free/open <-> Knowledge,Open Source & Creative Commons
open <-> internet,Open Source & Creative Commons
open <-> net,Open Source & Creative Commons
open <-> source,Open Source & Creative Commons
open <-> source <-> hardware,Open Source & Creative Commons
open <-> source <-> software,Open Source & Creative Commons
open <-> web,Open Source & Creative Commons
Concentration <-> of <-> Wealth,Other
criminal <-> justice,Other
ecotech,Other
Health <-> IT,Other
human <-> rights,Other
Online <-> Community <-> Building,Other
Renewable <-> Technology,Other
Sharing <-> economy,Other
Technology <-> space,Other
digital <-> sovereignty,"Policy (internet freedom, net neutrality, & more)"
Evidence-based <-> Policy,"Policy (internet freedom, net neutrality, & more)"
HITECH <-> Act,"Policy (internet freedom, net neutrality, & more)"
internet <-> freedom,"Policy (internet freedom, net neutrality, & more)"
net <-> freedom,"Policy (internet freedom, net neutrality, & more)"
net <-> neutrality,"Policy (internet freedom, net neutrality, & more)"
Public <-> Broadband <-> Infrastructure,"Policy (internet freedom, net neutrality, & more)"
Public <-> Technology <-> Infrastructure,"Policy (internet freedom, net neutrality, & more)"
Public <-> wireless <-> spectrum,"Policy (internet freedom, net neutrality, & more)"
Public <-> Wireless <-> Spectrum,"Policy (internet freedom, net neutrality, & more)"
tech <-> policy,"Policy (internet freedom, net neutrality, & more)"
technology <-> policy,"Policy (internet freedom, net neutrality, & more)"
political <-> tech,Political Tech
public <-> interest <-> tech,Public Interest Tech
public <-> interest <-> technology,Public Interest Tech
citizen <-> science,Public Science
public <-> science,Public Science
Cooperative <-> Business <-> Models,Tech Cooperatives
platform <-> coop,Tech Cooperatives
tech <-> coop,Tech Cooperatives
tech <-> cooperative,Tech Cooperatives
technology <-> coop,Tech Cooperatives
technology <-> cooperative,Tech Cooperatives